"","Model","elpd_diff","se_diff","Weight"
"1","m4b",0,0,0.6099
"2","m2b",-39.6362269541166,18.9927271600395,0.3246
"3","m1",-173.379093375098,22.9078491546016,0.0654
"4","m4a",-11.088430102641,2.72430716936771,1e-04
"5","m2a",-34.8562713531737,17.0176000897857,0
"6","m3",-159.409115283421,16.514452310158,0
